observation_date,T10Y2Y,SP500,UNRATE,UMCSENT,INDPRO,CPIAUCSL,BAA10YM,USREC,TARGET
1980-01-01,-0.62,477.26,6.3,67,52.0679,78.000,1.62,0,1
1980-02-01,-2.01,468.54,6.3,66.9,52.0820,79.000,1.16,1,1
1980-03-01,-1.99,414.54,6.3,56.5,51.8700,80.100,1.70,1,1
1980-04-01,-0.05,426.8,6.9,52.7,50.8397,80.900,2.72,1,1
1980-05-01,1.00,442.31,7.5,51.7,49.5890,81.700,2.99,1,1
1980-06-01,1.12,449.3,7.6,58.7,48.9482,82.500,2.93,1,1
1980-07-01,1.04,478.52,7.8,62.3,48.6039,82.600,2.40,1,1
1980-08-01,0.19,477.84,7.7,67.3,48.7563,83.200,2.05,0,0
1980-09-01,-0.27,485.79,7.5,73.7,49.5608,83.900,2.19,0,0
1980-10-01,-0.62,488.91,7.5,75,50.1908,84.700,2.48,0,0
1980-11-01,-1.41,534.55,7.5,76.7,51.0311,85.600,1.96,0,0
1980-12-01,-0.63,511.66,7.2,64.5,51.3708,86.400,2.30,0,0
1981-01-01,-0.58,484.33,7.5,71.4,51.0415,87.200,2.46,0,0
1981-02-01,-0.65,485.73,7.4,66.9,50.8240,88.000,2.18,0,0
1981-03-01,-0.04,499.82,7.4,66.5,51.0826,88.600,2.22,0,1
1981-04-01,-0.73,484.81,7.2,72.4,50.8580,89.100,1.88,0,1
1981-05-01,-0.90,480.24,7.5,76.3,51.1495,89.700,1.85,0,1
1981-06-01,-0.80,471.04,7.5,73.1,51.4101,90.500,2.33,0,1
1981-07-01,-1.17,464.87,7.2,74.1,51.7471,91.500,1.89,0,1
1981-08-01,-1.32,432.69,7.4,77.2,51.6826,92.200,1.40,1,1
1981-09-01,-0.85,405.45,7.6,73.1,51.4337,93.100,1.60,1,1
1981-10-01,0.04,424.46,7.9,70.3,51.0281,93.400,1.96,1,1
1981-11-01,0.77,438.59,8.3,62.5,50.4350,93.800,3.00,1,1
1981-12-01,0.35,424.04,8.5,64.3,49.8987,94.100,2.83,1,1
1982-01-01,-0.10,415.27,8.6,71,48.8685,94.400,2.51,1,1
1982-02-01,-0.41,388.89,8.9,66.5,49.8636,94.700,2.75,1,1
1982-03-01,-0.34,385.35,9.0,62,49.5323,94.700,2.96,1,1
1982-04-01,-0.12,399.08,9.3,65.5,49.0750,95.000,2.91,1,1
1982-05-01,0.09,379.85,9.4,67.5,48.7483,95.900,3.02,1,1
1982-06-01,-0.22,367.53,9.6,65.7,48.6214,97.000,2.62,1,1
1982-07-01,0.51,357.24,9.8,65.4,48.4616,97.500,2.85,1,1
1982-08-01,0.82,397.86,9.8,65.4,48.0192,97.700,3.26,1,1
1982-09-01,0.50,400.07,10.1,69.3,47.9008,97.700,3.29,1,1
1982-10-01,0.86,442.9,10.4,73.4,47.4371,98.100,3.82,1,1
1982-11-01,0.83,459.77,10.8,72.1,47.2830,98.000,3.75,1,1
1982-12-01,0.88,468.68,10.8,71.9,46.9485,97.700,3.60,0,0
1983-01-01,1.22,483.22,10.4,70.4,47.8234,97.900,3.48,0,0
1983-02-01,0.96,491.9,10.4,74.6,47.5233,98.000,3.23,0,0
1983-03-01,0.75,508.18,10.3,80.8,47.9244,98.100,3.10,0,0
1983-04-01,0.92,542.41,10.2,89.1,48.5311,98.800,2.89,0,0
1983-05-01,0.79,532.44,10.1,93.3,48.8239,99.200,2.71,0,0
1983-06-01,0.73,547.99,10.1,92.2,49.1230,99.400,2.52,0,0
1983-07-01,0.73,529.26,9.4,92.8,49.8546,99.800,2.01,0,0
1983-08-01,0.80,533.65,9.5,90.9,50.4443,100.100,1.79,0,0
1983-09-01,0.91,536.39,9.2,89.9,51.1780,100.400,1.90,0,0
1983-10-01,1.13,526.68,8.8,89.3,51.5693,100.800,1.92,0,0
1983-11-01,0.96,534.8,8.5,91.1,51.7993,101.100,1.92,0,0
1983-12-01,0.97,529.55,8.3,94.2,52.0594,101.400,1.92,0,0
1984-01-01,1.09,521.58,8.0,100.1,53.0985,102.100,1.98,0,0
1984-02-01,1.05,498.87,7.8,97.4,53.3318,102.600,1.75,0,0
1984-03-01,0.93,504.62,7.8,101,53.5929,102.900,1.67,0,0
1984-04-01,0.93,504.91,7.7,96.1,53.9100,103.300,1.68,0,0
1984-05-01,0.91,473.57,7.4,98.1,54.2026,103.500,1.33,0,0
1984-06-01,0.67,480.44,7.2,95.5,54.4014,103.700,1.49,0,0
1984-07-01,0.34,470.72,7.5,96.6,54.5521,104.100,1.79,0,0
1984-08-01,0.25,518.78,7.5,99.1,54.6083,104.400,1.91,0,0
1984-09-01,0.40,514.52,7.3,100.9,54.4466,104.700,1.83,0,0
1984-10-01,0.70,513.02,7.4,96.3,54.4406,105.100,1.78,0,0
1984-11-01,1.08,505.27,7.2,95.7,54.6240,105.300,1.91,0,0
1984-12-01,1.53,516.57,7.3,92.9,54.6416,105.500,1.90,0,0
1985-01-01,1.27,553.79,7.3,96,54.6322,105.700,1.88,0,0
1985-02-01,1.25,555.94,7.2,93.7,54.7825,106.300,1.72,0,0
1985-03-01,1.22,552.26,7.2,93.7,54.8653,106.800,1.83,0,0
1985-04-01,1.50,547.15,7.3,94.6,54.7459,107.000,2.08,0,0
1985-05-01,1.36,574.57,7.2,91.8,54.8255,107.200,2.30,0,0
1985-06-01,1.58,579.92,7.4,96.5,54.7989,107.500,2.24,0,0
1985-07-01,1.56,576.04,7.4,94,54.5396,107.700,2.12,0,0
1985-08-01,1.32,568.08,7.1,92.4,54.7055,107.900,2.17,0,0
1985-09-01,1.43,546.83,7.1,92.1,54.8906,108.100,2.11,0,0
1985-10-01,1.31,567.98,7.1,88.4,54.7199,108.500,2.12,0,0
1985-11-01,1.13,603.27,7.0,90.9,54.9124,109.000,2.21,0,0
1985-12-01,1.02,628.72,7.0,93.9,55.4412,109.500,2.32,0,0
1986-01-01,1.09,628.48,6.7,95.6,55.7481,109.900,2.25,0,0
1986-02-01,0.42,675.26,7.2,95.9,55.3568,109.700,2.41,0,0
1986-03-01,0.47,714.18,7.2,95.1,54.9625,109.100,2.72,0,0
1986-04-01,0.55,705.37,7.1,96.2,55.0413,108.700,2.89,0,0
1986-05-01,0.69,738.76,7.2,94.8,55.1226,109.000,2.58,0,0
1986-06-01,0.54,745.08,7.2,99.3,54.9005,109.400,2.54,0,0
1986-07-01,0.77,701.36,7.0,97.7,55.2592,109.500,2.86,0,0
1986-08-01,1.01,749.92,6.9,94.9,55.1567,109.600,3.01,0,0
1986-09-01,1.07,682.73,7.0,91.9,55.2975,110.000,2.75,0,0
1986-10-01,1.08,719.45,7.0,95.6,55.5332,110.200,2.81,0,0
1986-11-01,0.94,734.23,6.9,91.4,55.7557,110.400,2.82,0,0
1986-12-01,0.88,712.82,6.6,89.1,56.2845,110.800,2.86,0,0
1987-01-01,0.85,801.66,6.6,90.4,56.0882,111.400,2.64,0,0
1987-02-01,0.84,828.29,6.6,90.2,56.8275,111.800,2.40,0,0
1987-03-01,0.97,846.35,6.6,90.8,56.9098,112.200,2.36,0,0
1987-04-01,0.83,832.21,6.3,92.8,57.2701,112.700,2.02,0,0
1987-05-01,0.80,834.27,6.3,91.1,57.6322,113.000,1.90,0,0
1987-06-01,0.90,871.16,6.2,91.5,57.9307,113.500,2.12,0,0
1987-07-01,1.03,910.76,6.1,93.7,58.3258,113.800,2.16,0,0
1987-08-01,1.03,937.66,6.0,94.4,58.7636,114.300,2.04,0,0
1987-09-01,1.03,910.22,5.9,93.6,58.9951,114.700,1.89,0,0
1987-10-01,1.30,710.28,6.0,89.3,59.7810,115.000,2.10,0,0
1987-11-01,1.26,649.09,5.8,83.1,60.0726,115.400,2.37,0,0
1987-12-01,1.06,696.39,5.7,86.8,60.4095,115.600,2.30,0,0
1988-01-01,1.04,722.67,5.7,90.8,60.3976,116.000,2.40,0,0
1988-02-01,1.03,750.94,5.7,91.6,60.7003,116.200,2.41,0,0
1988-03-01,1.16,722.79,5.7,94.6,60.8501,116.500,2.20,0,0
1988-04-01,1.14,725.86,5.4,91.2,61.2031,117.200,2.18,0,0
1988-05-01,0.99,725.69,5.6,94.8,61.0797,117.500,1.95,0,0
1988-06-01,0.80,753.87,5.4,94.7,61.2569,118.000,2.08,0,0
1988-07-01,0.73,746.62,5.4,93.4,61.2659,118.500,2.05,0,0
1988-08-01,0.54,714.79,5.6,97.4,61.5731,119.000,1.95,0,0
1988-09-01,0.44,738.22,5.4,97.3,61.3807,119.500,1.92,0,0
1988-10-01,0.40,754.87,5.4,94.1,61.6453,119.900,1.61,0,0
1988-11-01,0.22,740,5.3,93,61.7944,120.300,1.52,0,0
1988-12-01,0.00,749.62,5.3,91.9,62.0743,120.700,1.54,0,0
1989-01-01,-0.11,798.95,5.4,97.9,62.2574,121.200,1.56,0,0
1989-02-01,-0.23,772.63,5.2,95.4,61.9819,121.600,1.44,0,0
1989-03-01,-0.43,784.2,5.0,94.3,62.1369,122.200,1.31,0,0
1989-04-01,-0.20,818.12,5.2,91.5,62.1276,123.100,1.43,0,0
1989-05-01,-0.22,842.08,5.2,90.7,61.7744,123.700,1.60,0,0
1989-06-01,0.02,833.39,5.3,90.6,61.7697,124.100,1.75,0,0
1989-07-01,0.29,904.85,5.2,92,61.1738,124.500,1.85,0,0
1989-08-01,-0.16,917.41,5.2,89.6,61.7732,124.500,1.77,0,0
1989-09-01,-0.15,908.49,5.3,95.8,61.5796,124.800,1.72,0,0
1989-10-01,0.07,881.39,5.3,93.9,61.4966,125.400,1.80,0,0
1989-11-01,0.09,893.84,5.4,90.9,61.7044,125.900,1.94,0,0
1989-12-01,0.06,911.53,5.4,90.5,62.0428,126.300,1.98,0,0
1990-01-01,0.15,840.14,5.4,93,61.7290,127.500,1.73,0,0
1990-02-01,0.08,843.34,5.3,89.5,62.2896,128.000,1.67,0,0
1990-03-01,0.01,859.1,5.2,91.3,62.5999,128.600,1.62,0,1
1990-04-01,0.08,834.7,5.4,93.9,62.4359,128.900,1.51,0,1
1990-05-01,0.10,909.37,5.4,90.6,62.6258,129.100,1.65,0,1
1990-06-01,0.19,896.43,5.2,88.3,62.8382,129.900,1.74,0,1
1990-07-01,0.45,888.33,5.5,88.2,62.7284,130.500,1.73,0,1
1990-08-01,0.79,797.21,5.7,76.4,62.9475,131.600,1.66,1,1
1990-09-01,0.80,750.14,5.9,72.8,62.9523,132.500,1.75,1,1
1990-10-01,0.88,740.65,5.9,63.9,62.5845,133.400,2.02,1,1
1990-11-01,0.73,783.28,6.2,66,61.7887,133.700,2.23,1,1
1990-12-01,0.93,802.73,6.3,65.5,61.3352,134.200,2.35,1,1
1991-01-01,0.98,831.08,6.4,66.8,61.1355,134.700,2.36,1,1
1991-02-01,0.98,885.68,6.6,70.4,60.6838,134.800,2.22,1,1
1991-03-01,1.03,904.01,6.8,87.7,60.3346,134.800,1.98,1,1
1991-04-01,1.22,902.96,6.7,81.8,60.4938,135.100,1.90,0,0
1991-05-01,1.38,935.05,6.9,78.3,61.0633,135.600,1.79,0,0
1991-06-01,1.34,887.65,6.9,82.1,61.5581,136.000,1.68,0,0
1991-07-01,1.39,926.11,6.8,82.9,61.7305,136.200,1.62,0,0
1991-08-01,1.46,941.54,6.9,82,61.7298,136.600,1.75,0,0
1991-09-01,1.48,919.48,6.9,83,62.2195,137.000,1.86,0,0
1991-10-01,1.77,929,7.0,78.3,62.1855,137.200,1.96,0,0
1991-11-01,2.00,885.64,7.0,69.1,62.0871,137.800,2.03,0,0
1991-12-01,1.94,983.75,7.3,68.2,61.7852,138.200,2.17,0,0
1992-01-01,2.20,962.76,7.3,67.5,61.4616,138.300,2.10,0,0
1992-02-01,2.00,968.48,7.4,68.8,61.8955,138.600,1.89,0,0
1992-03-01,1.94,942.58,7.4,76,62.4232,139.100,1.71,0,0
1992-04-01,2.15,967.48,7.4,77.2,62.8970,139.400,1.73,0,0
1992-05-01,2.14,967.03,7.6,79.2,63.1040,139.700,1.74,0,0
1992-06-01,2.31,946.85,7.8,80.4,63.1363,140.100,1.79,0,0
1992-07-01,2.30,982.03,7.7,76.6,63.7176,140.500,2.00,0,0
1992-08-01,2.47,955.74,7.6,76.1,63.3613,140.800,2.06,0,0
1992-09-01,2.57,961.71,7.6,75.6,63.5703,141.100,2.20,0,0
1992-10-01,2.40,960.34,7.3,73.3,63.9995,141.700,2.25,0,0
1992-11-01,2.16,988.01,7.4,85.3,64.2422,142.100,2.09,0,0
1992-12-01,2.14,998.7,7.4,91,64.3507,142.300,2.04,0,0
1993-01-01,2.19,1000.8,7.3,89.3,64.5978,142.800,2.07,0,0
1993-02-01,2.11,1007.76,7.1,86.6,64.9089,143.100,2.13,0,0
1993-03-01,2.07,1023.03,7.0,85.9,64.8522,143.300,2.17,0,0
1993-04-01,2.22,994.25,7.1,85.6,65.0301,143.800,2.17,0,0
1993-05-01,1.92,1015.43,7.1,80.3,64.7840,144.200,2.17,0,0
1993-06-01,1.77,1014.79,7.0,81.5,64.9301,144.300,2.11,0,0
1993-07-01,1.70,1009.38,6.9,77,65.1052,144.500,2.12,0,0
1993-08-01,1.57,1041.26,6.8,77.3,65.0267,144.800,1.92,0,0
1993-09-01,1.51,1028.72,6.7,77.9,65.3717,145.000,1.98,0,0
1993-10-01,1.44,1044.36,6.8,82.7,65.8509,145.600,1.98,0,0
1993-11-01,1.61,1030.17,6.6,81.2,66.1518,146.000,1.94,0,0
1993-12-01,1.58,1040.56,6.5,88.2,66.5436,146.300,1.92,0,0
1994-01-01,1.58,1071.44,6.6,94.3,66.7351,146.300,1.90,0,0
1994-02-01,1.48,1035.71,6.6,93.2,66.7740,146.700,1.79,0,0
1994-03-01,1.56,984.97,6.5,91.5,67.4552,147.100,1.65,0,0
1994-04-01,1.33,994.98,6.4,92.6,67.8541,147.200,1.55,0,0
1994-05-01,1.16,1006.63,6.1,92.8,68.1663,147.500,1.44,0,0
1994-06-01,1.15,976.35,6.1,91.2,68.6265,147.900,1.55,0,0
1994-07-01,1.13,1004.38,6.1,89,68.7178,148.400,1.50,0,0
1994-08-01,1.02,1037.95,6.0,91.7,69.1785,149.000,1.50,0,0
1994-09-01,1.00,1007.35,5.9,91.5,69.3961,149.300,1.52,0,0
1994-10-01,0.97,1027.64,5.8,92.7,69.9544,149.400,1.46,0,0
1994-11-01,0.51,985.73,5.6,91.6,70.4326,149.800,1.36,0,0
1994-12-01,0.15,997.85,5.5,95.1,71.1523,150.100,1.29,0,0
1995-01-01,0.34,1018,5.6,97.6,71.2734,150.500,1.30,0,0
1995-02-01,0.43,1050.53,5.4,95.1,71.1930,150.900,1.38,0,0
1995-03-01,0.40,1075.67,5.4,90.3,71.3113,151.200,1.50,0,0
1995-04-01,0.47,1102.11,5.8,92.5,71.1882,151.800,1.54,0,0
1995-05-01,0.41,1139.88,5.6,89.8,71.5378,152.100,1.57,0,0
1995-06-01,0.42,1161.84,5.6,92.7,71.7749,152.400,1.73,0,0
1995-07-01,0.57,1198.76,5.7,94.4,71.4748,152.600,1.76,0,0
1995-08-01,0.43,1195.24,5.7,96.2,72.4223,152.900,1.70,0,0
1995-09-01,0.34,1240.73,5.6,88.9,72.7144,153.100,1.73,0,0
1995-10-01,0.42,1230.54,5.5,90.2,72.5866,153.500,1.71,0,0
1995-11-01,0.40,1281.89,5.6,88.2,72.7779,153.700,1.75,0,0
1995-12-01,0.40,1305.1,5.6,91,73.0305,153.900,1.78,0,0
1996-01-01,0.67,1339.81,5.6,89.3,72.6125,154.700,1.82,0,0
1996-02-01,0.69,1344.75,5.5,88.5,73.6752,155.000,1.82,0,0
1996-03-01,0.55,1348.43,5.5,93.7,73.5850,155.500,1.76,0,0
1996-04-01,0.63,1361.29,5.6,92.7,74.3172,156.100,1.68,0,0
1996-05-01,0.58,1389.74,5.6,89.4,74.8726,156.400,1.56,0,0
1996-06-01,0.62,1391.98,5.3,92.4,75.4433,156.700,1.49,0,0
1996-07-01,0.58,1325.76,5.5,94.7,75.4549,157.000,1.48,0,0
1996-08-01,0.62,1348.13,5.1,95.3,75.8411,157.200,1.54,0,0
1996-09-01,0.62,1416.7,5.2,94.7,76.3158,157.700,1.52,0,0
1996-10-01,0.60,1449.09,5.2,96.5,76.3384,158.200,1.54,0,0
1996-11-01,0.47,1552.47,5.4,99.2,77.0397,158.700,1.59,0,0
1996-12-01,0.55,1519.09,5.4,96.9,77.5333,159.100,1.59,0,0
1997-01-01,0.59,1607.17,5.3,97.4,77.6562,159.400,1.51,0,0
1997-02-01,0.47,1611.63,5.2,99.7,78.5833,159.700,1.52,0,0
1997-03-01,0.47,1539.09,5.2,100,79.0820,159.800,1.49,0,0
1997-04-01,0.43,1626.95,5.1,101.4,79.1747,159.900,1.45,0,0
1997-05-01,0.45,1723.33,4.9,103.2,79.6133,159.900,1.49,0,0
1997-06-01,0.43,1795.97,5.0,104.5,79.9792,160.200,1.53,0,0
1997-07-01,0.28,1933.9,4.9,107.1,80.6624,160.400,1.53,0,0
1997-08-01,0.37,1819.37,4.8,104.4,81.4694,160.800,1.52,0,0
1997-09-01,0.32,1911.32,4.9,106,82.2156,161.200,1.49,0,0
1997-10-01,0.21,1840.85,4.7,105.6,82.9446,161.500,1.54,0,0
1997-11-01,0.10,1924.12,4.6,107.2,83.5978,161.700,1.54,0,0
1997-12-01,0.09,1956.82,4.7,102.1,83.9538,161.800,1.51,0,0
1998-01-01,0.21,1973.01,4.6,106.6,84.3218,162.000,1.65,0,0
1998-02-01,0.07,2108.09,4.6,110.4,84.4583,162.000,1.68,0,0
1998-03-01,0.07,2209.29,4.7,106.5,84.4880,162.000,1.67,0,0
1998-04-01,0.09,2225.22,4.3,108.7,84.7779,162.200,1.69,0,0
1998-05-01,0.03,2179.31,4.4,106.5,85.3367,162.600,1.65,0,0
1998-06-01,-0.05,2262.48,4.5,105.6,84.8248,162.800,1.63,0,0
1998-07-01,0.01,2233.46,4.5,105.2,84.4986,163.200,1.69,0,0
1998-08-01,0.14,1905.49,4.5,104.4,86.2480,163.400,1.80,0,0
1998-09-01,0.14,2021.91,4.6,100.9,86.2021,163.500,2.28,0,0
1998-10-01,0.52,2178.93,4.5,97.4,86.7914,163.900,2.65,0,0
1998-11-01,0.20,2307.76,4.4,102.7,86.7256,164.100,2.51,0,0
1998-12-01,0.11,2439.35,4.4,100.5,87.1185,164.400,2.58,0,0
1999-01-01,0.08,2533.2,4.3,103.9,87.4949,164.700,2.57,0,0
1999-02-01,0.16,2448.45,4.4,108.1,88.0270,164.700,2.39,0,0
1999-03-01,0.26,2535.72,4.2,105.7,88.2267,164.800,2.30,0,0
1999-04-01,0.28,2612.94,4.3,104.6,88.4295,165.900,2.30,0,0
1999-05-01,0.22,2547.69,4.2,106.8,88.9886,166.000,2.18,0,0
1999-06-01,0.28,2686.38,4.3,107.3,88.9188,166.000,2.12,0,0
1999-07-01,0.29,2592.49,4.3,106,89.4333,166.700,2.16,0,0
1999-08-01,0.25,2570.11,4.2,104.5,89.7924,167.100,2.21,0,0
1999-09-01,0.27,2484.84,4.2,107.2,89.4299,167.800,2.28,0,0
1999-10-01,0.23,2635.53,4.1,103.2,90.5230,168.100,2.27,0,0
1999-11-01,0.17,2684.17,4.1,107.2,90.9618,168.400,2.12,0,0
1999-12-01,0.21,2839.43,4.0,105.4,91.6634,168.800,1.91,0,0
2000-01-01,0.07,2686.91,4.0,112,91.5380,169.300,1.67,0,0
2000-02-01,-0.11,2617.38,4.1,111.3,91.8239,170.000,1.77,0,0
2000-03-01,-0.47,2847.06,4.0,107.1,92.1504,171.000,2.11,0,0
2000-04-01,-0.45,2757.77,3.8,109.2,92.6989,170.900,2.41,0,0
2000-05-01,-0.40,2694.19,4.0,110.7,92.9499,171.200,2.46,0,0
2000-06-01,-0.35,2744.27,4.0,106.4,92.9862,172.200,2.38,0,0
2000-07-01,-0.26,2693.17,4.0,108.3,92.8048,172.700,2.30,0,0
2000-08-01,-0.45,2856.65,4.1,107.3,92.5521,172.700,2.43,0,0
2000-09-01,-0.18,2689.85,3.9,106.8,92.9792,173.600,2.55,0,0
2000-10-01,-0.17,2671.93,3.9,105.8,92.6179,173.900,2.60,0,0
2000-11-01,-0.13,2456.58,3.9,107.6,92.6438,174.200,2.56,0,1
2000-12-01,0.01,2467.95,3.9,98.4,92.3415,174.600,2.78,0,1
2001-01-01,0.57,2537.39,4.2,94.7,91.9020,175.600,2.77,0,1
2001-02-01,0.51,2294.04,4.2,90.6,91.3034,176.000,2.77,0,1
2001-03-01,0.75,2141.88,4.3,91.5,91.1162,176.100,2.95,0,1
2001-04-01,1.05,2297.28,4.4,88.4,90.7891,176.400,2.93,1,1
2001-05-01,1.21,2298.58,4.3,92,90.3555,177.300,2.68,1,1
2001-06-01,1.17,2237.26,4.5,92.6,89.8784,177.700,2.69,1,1
2001-07-01,1.28,2219.46,4.6,92.4,89.3028,177.400,2.73,1,1
2001-08-01,1.21,2077.18,4.9,91.5,89.2003,177.400,2.88,1,1
2001-09-01,1.74,1898.87,5.0,81.8,88.7485,178.100,3.30,1,1
2001-10-01,1.86,1939.76,5.3,82.7,88.5052,177.600,3.34,1,1
2001-11-01,1.94,2089.11,5.5,83.9,87.9700,177.500,3.16,1,1
2001-12-01,2.00,2113.27,5.7,88.8,87.9324,177.400,2.96,0,0
2002-01-01,1.91,2075.66,5.7,93,88.5176,177.700,2.83,0,0
2002-02-01,1.82,2024.56,5.7,90.7,88.5278,178.000,2.98,0,0
2002-03-01,1.70,2087.2,5.7,95.7,89.1686,178.500,2.83,0,0
2002-04-01,1.87,1948.11,5.9,93,89.6040,179.300,2.82,0,0
2002-05-01,1.86,1930.42,5.8,96.9,89.9640,179.500,2.93,0,0
2002-06-01,1.96,1789.55,5.8,92.4,90.7061,179.600,3.02,0,0
2002-07-01,2.28,1646.34,5.8,88.1,90.6769,180.000,3.25,0,0
2002-08-01,2.00,1648.89,5.7,87.6,90.5762,180.500,3.32,0,0
2002-09-01,1.91,1465.04,5.7,86.1,90.6531,180.800,3.53,0,0
2002-10-01,2.25,1589.05,5.7,80.6,90.4643,181.200,3.79,0,0
2002-11-01,2.14,1679.74,5.9,84.2,90.9711,181.500,3.57,0,0
2002-12-01,2.22,1581.89,6.0,86.7,90.4652,181.800,3.42,0,0
2003-01-01,2.28,1531.75,5.8,82.4,91.2361,182.600,3.30,0,0
2003-02-01,2.18,1494.19,5.9,79.9,91.3445,183.600,3.16,0,0
2003-03-01,2.32,1497.68,5.9,77.6,91.1044,183.900,3.14,0,0
2003-04-01,2.38,1622.58,6.0,86,90.5617,183.200,2.89,0,0
2003-05-01,2.04,1707.95,6.1,92.1,90.5370,182.900,2.81,0,0
2003-06-01,2.22,1725.41,6.3,89.7,90.6527,183.100,2.86,0,0
2003-07-01,2.69,1751.5,6.2,90.9,91.1185,183.700,2.64,0,0
2003-08-01,2.50,1776.04,6.1,89.3,90.9197,184.500,2.56,0,0
2003-09-01,2.46,1749.14,6.1,87.7,91.5059,185.100,2.52,0,0
2003-10-01,2.48,1847.27,6.0,89.6,91.6186,184.900,2.44,0,0
2003-11-01,2.28,1865.48,5.8,93.7,92.2329,185.000,2.36,0,0
2003-12-01,2.43,1962.31,5.7,92.6,92.2602,185.500,2.33,0,0
2004-01-01,2.32,1986.51,5.7,103.8,92.4006,186.300,2.29,0,0
2004-02-01,2.33,1999.97,5.6,94.4,92.9580,186.700,2.19,0,0
2004-03-01,2.26,1954.65,5.8,95.8,92.5861,187.100,2.28,0,0
2004-04-01,2.22,1915.7,5.6,94.2,92.9300,187.400,2.11,0,0
2004-05-01,2.12,1927.57,5.6,90.2,93.6013,188.200,2.03,0,0
2004-06-01,1.92,1956.04,5.6,95.6,92.8710,188.900,2.05,0,0
2004-07-01,1.82,1891.96,5.5,96.7,93.5649,189.100,2.12,0,0
2004-08-01,1.72,1895.28,5.4,95.9,93.6277,189.200,2.18,0,0
2004-09-01,1.51,1909,5.4,94.2,93.7467,189.800,2.14,0,0
2004-10-01,1.49,1925.61,5.5,91.7,94.5465,190.800,2.11,0,0
2004-11-01,1.34,1998.89,5.4,92.8,94.7813,191.700,2.01,0,0
2004-12-01,1.16,2071.36,5.4,97.1,95.5365,191.700,1.92,0,0
2005-01-01,0.85,2014.74,5.3,95.5,95.8801,191.600,1.80,0,0
2005-02-01,0.77,2041.05,5.4,94.1,96.5761,192.400,1.65,0,0
2005-03-01,0.70,1986.49,5.2,92.6,96.4456,193.100,1.56,0,0
2005-04-01,0.55,1933.54,5.2,87.7,96.6532,193.700,1.71,0,0
2005-05-01,0.40,1993.51,5.1,86.9,96.7402,193.600,1.87,0,0
2005-06-01,0.28,1992.2,5.0,96,97.1753,193.700,1.86,0,0
2005-07-01,0.26,2054.35,5.0,96.5,96.8676,194.900,1.77,0,0
2005-08-01,0.18,2020.95,4.9,89.1,97.1833,196.100,1.70,0,0
2005-09-01,0.16,2010.43,5.0,76.9,95.3005,198.800,1.83,0,0
2005-10-01,0.17,1970.8,5.0,74.2,96.4572,199.100,1.84,0,0
2005-11-01,0.07,2056.66,5.0,81.6,97.5414,198.100,1.85,0,0
2005-12-01,-0.02,2063.05,4.9,91.5,98.0452,198.100,1.85,0,0
2006-01-01,-0.01,2099.59,4.7,91.2,98.1999,199.300,1.82,0,0
2006-02-01,-0.14,2096.31,4.8,86.7,98.2413,199.400,1.70,0,0
2006-03-01,0.04,2107.9,4.7,88.9,98.4628,199.700,1.69,0,0
2006-04-01,0.20,2115.53,4.7,87.4,98.7618,200.700,1.69,0,0
2006-05-01,0.08,2040,4.6,79.1,98.7869,201.300,1.64,0,0
2006-06-01,-0.01,2036.15,4.6,84.9,99.0997,201.800,1.67,0,0
2006-07-01,0.02,2040.47,4.7,84.7,99.0489,202.900,1.67,0,0
2006-08-01,-0.05,2079.79,4.7,82,99.4836,203.800,1.71,0,0
2006-09-01,-0.07,2141.39,4.5,85.4,99.3183,202.800,1.71,0,0
2006-10-01,-0.10,2220.9,4.4,93.6,99.2044,201.900,1.69,0,0
2006-11-01,-0.16,2260.83,4.5,92.1,99.1627,202.000,1.60,0,0
2006-12-01,-0.11,2285.95,4.4,91.7,100.1735,203.100,1.66,0,0
2007-01-01,-0.11,2311.03,4.6,96.9,99.8346,203.437,1.58,0,0
2007-02-01,-0.09,2248.52,4.5,91.3,100.7753,204.226,1.56,0,0
2007-03-01,0.07,2250.47,4.4,88.4,100.9547,205.288,1.71,0,0
2007-04-01,0.03,2332.74,4.5,87.1,101.6334,205.904,1.70,0,0
2007-05-01,-0.02,2394.04,4.4,88.3,101.7306,206.755,1.64,0,0
2007-06-01,0.16,2346.83,4.6,85.3,101.7893,207.234,1.60,0,0
2007-07-01,0.22,2272.36,4.7,90.4,101.6672,207.603,1.65,0,0
2007-08-01,0.39,2305.82,4.6,83.4,101.8630,207.667,1.98,0,1
2007-09-01,0.62,2381.79,4.7,83.4,102.0894,208.547,2.07,0,1
2007-10-01,0.54,2411.93,4.7,80.9,101.8015,209.190,1.95,0,1
2007-11-01,0.93,2292.09,4.7,76.1,102.3446,210.834,2.25,0,1
2007-12-01,0.99,2273.83,5.0,75.5,102.3803,211.445,2.55,0,1
2008-01-01,1.50,2124.2,5.0,78.4,102.2448,212.174,2.80,1,1
2008-02-01,1.88,2044.42,4.9,70.8,101.8438,212.687,3.08,1,1
2008-03-01,1.83,2014.77,5.1,69.5,101.5336,213.448,3.38,1,1
2008-04-01,1.48,2097.85,5.0,62.6,100.8785,213.942,3.29,1,1
2008-05-01,1.40,2102.54,5.4,59.8,100.2674,215.208,3.05,1,1
2008-06-01,1.36,1902.62,5.6,56.4,100.0335,217.463,2.97,1,1
2008-07-01,1.47,1874.02,5.8,61.2,99.6760,219.016,3.15,1,1
2008-08-01,1.47,1904.47,6.1,63,98.1111,218.690,3.26,1,1
2008-09-01,1.85,1733.96,6.1,70.3,93.7895,218.877,3.62,1,1
2008-10-01,2.45,1454.88,6.5,57.6,94.7219,216.995,5.07,1,1
2008-11-01,1.93,1372.27,6.8,55.3,93.4715,213.153,5.68,1,1
2008-12-01,1.49,1397.45,7.3,60.1,90.8357,211.398,6.01,1,1
2009-01-01,1.93,1272.21,7.8,61.2,88.5700,211.933,5.62,1,1
2009-02-01,2.02,1126.75,8.3,56.3,88.0310,212.705,5.21,1,1
2009-03-01,1.90,1220.02,8.7,57.3,86.6528,212.495,5.60,1,1
2009-04-01,2.25,1331.28,9.0,65.1,85.9344,212.709,5.46,1,1
2009-05-01,2.55,1397.91,9.4,68.7,85.0665,213.022,4.77,1,1
2009-06-01,2.42,1386.28,9.5,70.8,84.7459,214.790,3.78,1,1
2009-07-01,2.39,1491.42,9.5,66,85.7027,214.726,3.53,0,0
2009-08-01,2.43,1538.03,9.6,65.7,86.6426,215.445,2.99,0,0
2009-09-01,2.36,1591.98,9.8,73.5,87.4063,215.861,2.91,0,0
2009-10-01,2.51,1559.01,10.0,70.6,87.6419,216.509,2.90,0,0
2009-11-01,2.54,1647.28,9.9,67.4,88.0221,217.234,2.92,0,0
2009-12-01,2.71,1679.51,9.9,72.5,88.3793,217.347,2.78,0,0
2010-01-01,2.81,1611.9,9.8,74.4,89.3426,217.488,2.52,0,0
2010-02-01,2.80,1657.45,9.8,73.6,89.6779,217.281,2.65,0,0
2010-03-01,2.82,1747.73,9.9,73.6,90.2928,217.353,2.54,0,0
2010-04-01,2.72,1770.45,9.9,72.2,90.5991,217.403,2.40,0,0
2010-05-01,2.55,1624.05,9.6,73.6,91.8230,217.290,2.63,0,0
2010-06-01,2.36,1538.05,9.4,76,91.9928,217.199,3.03,0,0
2010-07-01,2.39,1643.48,9.4,67.8,92.3421,217.605,3.00,0,0
2010-08-01,2.00,1563.34,9.5,68.9,92.6805,217.923,2.96,0,0
2010-09-01,2.11,1699.23,9.5,68.2,92.9537,218.275,3.01,0,0
2010-10-01,2.29,1759.66,9.4,67.7,92.6903,219.035,3.18,0,0
2010-11-01,2.36,1754.89,9.8,71.6,92.7709,219.590,3.16,0,0
2010-12-01,2.69,1866.28,9.3,74.5,93.6787,220.472,2.81,0,0
2011-01-01,2.84,1899.5,9.1,74.2,93.4814,221.187,2.70,0,0
2011-02-01,2.73,1950.58,9.0,77.5,93.1102,221.898,2.57,0,0
2011-03-01,2.67,1929.72,9.0,67.5,94.0788,223.046,2.62,0,0
2011-04-01,2.71,1972.01,9.1,69.8,93.7749,224.093,2.56,0,0
2011-05-01,2.60,1936.28,9.0,74.3,93.8880,224.806,2.61,0,0
2011-06-01,2.73,1902.96,9.1,71.5,94.1720,224.806,2.75,0,0
2011-07-01,2.46,1860.45,9.0,63.7,94.6360,225.395,2.76,0,0
2011-08-01,2.03,1749.97,9.0,55.8,95.2749,226.106,3.06,0,0
2011-09-01,1.67,1621.92,9.0,59.5,95.1961,226.597,3.29,0,0
2011-10-01,1.92,1800.36,8.8,60.8,95.8568,226.750,3.22,0,0
2011-11-01,1.83,1792.76,8.6,63.7,95.8485,227.169,3.13,0,0
2011-12-01,1.64,1812.53,8.5,69.9,96.3571,227.223,3.27,0,0
2012-01-01,1.61,1883.24,8.3,75,96.9318,227.842,3.26,0,0
2012-02-01,1.68,1951.09,8.3,75.3,97.2435,228.329,3.17,0,0
2012-03-01,1.90,1997.05,8.2,76.2,96.7400,228.807,3.06,0,0
2012-04-01,1.68,1976.11,8.2,76.4,97.4359,229.187,3.14,0,0
2012-05-01,1.32,1854.48,8.2,79.3,97.6609,228.713,3.27,0,0
2012-06-01,1.34,1930.67,8.2,73.2,97.6663,228.524,3.40,0,0
2012-07-01,1.28,1958.18,8.2,72.3,97.8713,228.590,3.34,0,0
2012-08-01,1.35,1985.83,8.1,74.3,97.4525,229.918,3.23,0,0
2012-09-01,1.42,2024.92,7.8,78.3,97.3810,231.015,3.12,0,0
2012-10-01,1.42,1985.62,7.8,82.6,97.7193,231.638,2.83,0,0
2012-11-01,1.37,2000.75,7.7,82.7,98.0777,231.249,2.86,0,0
2012-12-01,1.53,2020.34,7.9,72.9,98.3101,231.221,2.91,0,0
2013-01-01,1.75,2115.96,8.0,73.8,98.3342,231.679,2.82,0,0
2013-02-01,1.64,2121.98,7.7,77.6,98.7941,232.937,2.87,0,0
2013-03-01,1.62,2192.62,7.5,78.6,99.1921,232.282,2.89,0,0
2013-04-01,1.48,2234.6,7.6,76.4,99.1065,231.797,2.83,0,0
2013-05-01,1.86,2276.94,7.5,84.5,99.1839,231.893,2.80,0,0
2013-06-01,2.16,2237.42,7.5,84.1,99.3897,232.445,2.89,0,0
2013-07-01,2.29,2347.16,7.3,85.1,99.0814,232.900,2.74,0,0
2013-08-01,2.39,2270.97,7.2,82.1,99.6543,233.456,2.68,0,0
2013-09-01,2.31,2335.81,7.2,77.5,100.1610,233.544,2.66,0,0
2013-10-01,2.26,2446.28,7.2,73.2,100.0820,233.669,2.69,0,0
2013-11-01,2.47,2520.04,6.9,75.1,100.3158,234.100,2.66,0,0
2013-12-01,2.66,2579.64,6.7,82.5,100.5175,234.719,2.48,0,0
2014-01-01,2.33,2478.63,6.6,81.2,100.1599,235.288,2.33,0,0
2014-02-01,2.33,2575.97,6.7,81.6,100.9168,235.547,2.39,0,0
2014-03-01,2.29,2577.23,6.7,80,101.8942,236.028,2.34,0,0
2014-04-01,2.25,2584.69,6.2,84.1,101.9928,236.468,2.19,0,0
2014-05-01,2.11,2629.87,6.3,81.9,102.3836,236.918,2.20,0,0
2014-06-01,2.06,2675.01,6.1,82.5,102.7350,237.231,2.20,0,0
2014-07-01,2.05,2635.69,6.2,81.8,102.9632,237.498,2.19,0,0
2014-08-01,1.87,2739.52,6.1,82.5,102.7688,237.460,2.27,0,0
2014-09-01,1.94,2694.99,5.9,84.6,103.0641,237.477,2.27,0,0
2014-10-01,1.85,2764.46,5.7,86.9,103.0764,237.430,2.39,0,0
2014-11-01,1.71,2847.66,5.8,88.8,103.7126,236.983,2.46,0,0
2014-12-01,1.50,2851.9,5.6,93.6,103.7044,236.252,2.53,0,0
2015-01-01,1.21,2776.44,5.7,98.1,102.8905,234.747,2.57,0,0
2015-02-01,1.37,2916.19,5.5,95.4,102.2335,235.342,2.53,0,0
2015-03-01,1.38,2848.5,5.4,93,101.8914,235.976,2.50,0,0
2015-04-01,1.47,2866.94,5.4,95.9,101.3355,236.222,2.54,0,0
2015-05-01,1.51,2882.33,5.6,90.7,100.8883,237.001,2.69,0,0
2015-06-01,1.71,2811.92,5.3,96.1,100.5710,237.657,2.77,0,0
2015-07-01,1.53,2867.24,5.2,93.1,101.2228,238.034,2.88,0,0
2015-08-01,1.47,2691.62,5.1,91.9,101.0367,238.033,3.02,0,0
2015-09-01,1.42,2624.53,5.0,87.2,100.7547,237.498,3.17,0,0
2015-10-01,1.41,2843.6,5.0,90,100.2675,237.733,3.27,0,0
2015-11-01,1.27,2851.05,5.1,91.3,99.5298,238.017,3.20,0,0
2015-12-01,1.21,2810.68,5.0,92.6,99.0417,237.761,3.22,0,0
2016-01-01,1.18,2663.67,4.8,92,99.5607,237.652,3.36,0,0
2016-02-01,0.96,2650.5,4.9,91.7,99.0445,237.336,3.56,0,0
2016-03-01,1.05,2813.29,5.0,91,98.3096,238.080,3.24,0,0
2016-04-01,1.06,2807.57,5.1,89,98.6421,238.992,2.98,0,0
2016-05-01,0.97,2839.13,4.8,94.7,98.4184,239.557,2.87,0,0
2016-06-01,0.91,2832.4,4.9,93.5,98.8833,240.222,2.89,0,0
2016-07-01,0.79,2938.01,4.8,90,98.9992,240.101,2.72,0,0
2016-08-01,0.78,2931.74,4.9,89.8,98.8500,240.545,2.68,0,0
2016-09-01,0.83,2921.1,5.0,91.2,98.7457,241.176,2.68,0,0
2016-10-01,0.98,2860.78,4.9,87.2,98.7611,241.741,2.62,0,0
2016-11-01,1.26,2963.16,4.7,93.8,98.3491,242.026,2.57,0,0
2016-12-01,1.25,3016.1,4.7,98.2,99.0214,242.637,2.34,0,0
2017-01-01,1.26,3052.26,4.7,98.5,98.7611,243.618,2.23,0,0
2017-02-01,1.14,3155.87,4.6,96.3,98.3646,244.006,2.22,0,0
2017-03-01,1.13,3152.08,4.4,96.9,99.0137,243.892,2.20,0,0
2017-04-01,1.01,3171.33,4.4,97,100.0224,244.193,2.27,0,0
2017-05-01,0.93,3205.3,4.4,97.1,100.1408,244.004,2.25,0,0
2017-06-01,0.93,3217.81,4.3,95,100.3471,244.163,2.18,0,0
2017-07-01,0.96,3282.34,4.3,93.4,100.1068,244.243,2.07,0,0
2017-08-01,0.79,3274.33,4.4,96.8,99.6925,245.183,2.10,0,0
2017-09-01,0.86,3319.95,4.3,95.1,99.7954,246.435,2.10,0,0
2017-10-01,0.78,3395.76,4.2,100.7,101.0247,246.626,1.96,0,0
2017-11-01,0.64,3491.04,4.2,98.5,101.2664,247.284,1.92,0,0
2017-12-01,0.51,3527.43,4.1,95.9,101.4644,247.805,1.82,0,0
2018-01-01,0.58,3705.41,4.0,95.7,101.4625,248.859,1.68,0,0
2018-02-01,0.62,3545.02,4.1,99.7,101.7085,249.529,1.65,0,0
2018-03-01,0.47,3441.93,4.0,101.4,102.2067,249.577,1.80,0,0
2018-04-01,0.46,3437.63,4.0,98.8,103.3329,250.227,1.80,0,0
2018-05-01,0.43,3497.36,3.8,98,102.4024,250.792,1.85,0,0
2018-06-01,0.33,3508.71,4.0,98.2,103.1980,251.018,1.92,0,0
2018-07-01,0.29,3634.85,3.8,97.9,103.3646,251.214,1.90,0,0
2018-08-01,0.24,3742.77,3.8,96.2,104.0327,251.663,1.88,0,0
2018-09-01,0.24,3754.48,3.7,100.1,104.1004,252.182,1.88,0,0
2018-10-01,0.28,3487.75,3.8,98.6,103.9856,252.772,1.92,0,0
2018-11-01,0.21,3561.97,3.8,97.5,104.0681,252.594,2.10,0,0
2018-12-01,0.21,3245.43,3.9,98.3,104.0936,252.767,2.30,0,0
2019-01-01,0.18,3494.13,4.0,91.2,103.4021,252.561,2.41,0,0
2019-02-01,0.21,3582.86,3.8,93.8,102.8371,253.319,2.27,0,0
2019-03-01,0.14,3626.62,3.8,98.4,102.8757,254.277,2.27,0,0
2019-04-01,0.24,3749.34,3.7,97.2,102.2740,255.233,2.17,0,0
2019-05-01,0.19,3495.28,3.6,100,102.3920,255.296,2.23,0,0
2019-06-01,0.25,3735.47,3.6,98.2,102.4375,255.213,2.39,0,0
2019-07-01,0.13,3778.19,3.7,98.4,101.9408,255.802,2.22,0,0
2019-08-01,0.00,3710.03,3.6,89.8,102.6390,256.036,2.24,0,0
2019-09-01,0.05,3770.81,3.5,93.2,102.2917,256.430,2.21,0,0
2019-10-01,0.17,3839.08,3.6,95.5,101.4281,257.155,2.21,0,1
2019-11-01,0.17,3971.92,3.6,96.8,101.9372,257.879,2.13,0,1
2019-12-01,0.34,4089.2,3.6,99.3,101.7003,258.630,2.02,0,1
2020-01-01,0.18,4066.76,3.6,99.8,101.0338,259.127,2.01,0,1
2020-02-01,0.27,3714.53,3.5,101,101.3735,259.250,2.11,0,1
2020-03-01,0.47,3256.85,4.4,89.1,97.4078,258.076,3.42,1,1
2020-04-01,0.44,3694.67,14.8,71.8,84.5619,256.032,3.47,1,1
2020-05-01,0.49,3861.9,13.2,72.3,85.9604,255.802,3.28,0,0
2020-06-01,0.50,3911.51,11.0,78.1,91.5934,257.042,2.91,0,0
2020-07-01,0.44,4106.27,10.2,72.5,95.0256,258.352,2.69,0,0
2020-08-01,0.58,4380.16,8.4,74.1,95.9549,259.316,2.62,0,0
2020-09-01,0.56,4202.48,7.8,80.4,95.9669,259.997,2.68,0,0
2020-10-01,0.74,4084.52,6.9,81.8,96.7394,260.319,2.65,0,0
2020-11-01,0.68,4526.56,6.7,76.9,97.0816,260.911,2.43,0,0
2020-12-01,0.80,4690.18,6.7,80.7,98.3630,262.045,2.23,0,0
2021-01-01,1.00,4618.3,6.4,79,98.8822,262.687,2.16,0,0
2021-02-01,1.30,4713,6.2,76.8,95.6149,263.579,2.16,0,0
2021-03-01,1.58,4878.45,6.1,84.9,98.3856,264.961,2.13,0,0
2021-04-01,1.49,5092.36,6.1,88.3,98.5587,266.614,1.97,0,0
2021-05-01,1.44,5079.57,5.8,82.9,99.4333,268.383,2.00,0,0
2021-06-01,1.20,5144.61,5.9,85.5,99.7987,270.654,1.92,0,0
2021-07-01,1.05,5236.45,5.4,81.2,100.2519,271.903,1.92,0,0
2021-08-01,1.10,5377.15,5.1,70.3,100.0437,272.676,1.96,0,0
2021-09-01,1.24,5107.49,4.7,72.8,98.8579,273.910,1.86,0,0
2021-10-01,1.07,5415.65,4.5,71.7,100.1861,276.550,1.77,0,0
2021-11-01,0.91,5344.26,4.1,67.4,100.8654,278.919,1.72,0,0
2021-12-01,0.79,5560.25,3.9,70.6,100.5726,280.845,1.84,0,0
2022-01-01,0.61,5223.91,4.0,67.2,100.1856,282.543,1.82,0,0
2022-02-01,0.39,5014.28,3.9,62.8,100.8064,284.500,2.04,0,0
2022-03-01,0.04,5125.23,3.7,59.4,101.3907,287.674,2.16,0,0
2022-04-01,0.19,4648.48,3.7,65.2,101.4400,288.561,1.91,0,0
2022-05-01,0.32,4598.04,3.6,58.4,101.3335,291.298,2.22,0,0
2022-06-01,0.06,4155.1,3.6,50,101.0180,294.957,2.13,0,0
2022-07-01,-0.22,4534.24,3.5,51.5,101.2230,294.913,2.31,0,0
2022-08-01,-0.30,4343.34,3.6,58.2,101.0963,295.097,2.25,0,0
2022-09-01,-0.39,3929.24,3.5,58.6,101.2918,296.349,2.17,0,0
2022-10-01,-0.41,4225.9,3.6,59.9,101.2529,298.007,2.28,0,0
2022-11-01,-0.70,4457.56,3.6,56.7,100.9552,298.786,2.18,0,0
2022-12-01,-0.53,4207.61,3.5,59.8,99.7664,298.832,1.97,0,0
2023-01-01,-0.69,4432,3.5,64.9,100.5050,300.420,1.97,0,0
2023-02-01,-0.89,4292.31,3.6,66.9,100.6416,301.450,1.84,0,0
2023-03-01,-0.58,4428.1,3.5,62,101.0205,301.821,2.05,0,0
2023-04-01,-0.60,4470.33,3.4,63.7,101.2530,302.845,2.07,0,0
2023-05-01,-0.76,4470.17,3.6,59,100.9286,303.334,2.20,0,0
2023-06-01,-1.06,4744.19,3.6,64.2,100.1196,304.014,2.00,0,0
2023-07-01,-0.91,4882.61,3.5,71.5,100.9067,304.609,1.84,0,0
2023-08-01,-0.76,4775.25,3.7,69.4,100.8393,306.082,1.85,0,0
2023-09-01,-0.44,4531.34,3.7,67.8,101.0211,307.276,1.78,0,0
2023-10-01,-0.19,4433.44,3.9,63.8,100.4689,307.696,1.83,0,0
2023-11-01,-0.36,4838.56,3.7,61.3,100.8639,308.148,1.79,0,0
2023-12-01,-0.35,5057.59,3.8,69.7,100.6031,308.741,1.62,0,0
